1,Blake,How to train your dragon
2,Philip,World domination for dummies
3,Blake,How to train your dragon
4,Cori,Underwater basket weaving
5,Cori,World domination for dummies
6,Cori,Underwater basket weaving
7,Blake,Underwater basket weaving
8,Blake,World domination for dummies
9,Cori,World domination for dummies
10,Blake,Underwater basket weaving
11,Philip,Underwater basket weaving
12,Cori,Underwater basket weaving
13,Philip,How to train your dragon
14,Blake,How to train your dragon
15,Blake,How to train your dragon
16,Philip,Underwater basket weaving
17,Philip,Underwater basket weaving
18,Blake,World domination for dummies
19,Philip,Underwater basket weaving
20,Blake,Underwater basket weaving
