1,Cori,World domination for dummies,1
2,Blake,World domination for dummies,2
3,Cori,How to train your dragon,1
4,Philip,How to train your dragon,3
5,Cori,World domination for dummies,1
6,Blake,How to train your dragon,1
7,Cori,How to train your dragon,2
8,Blake,Underwater basket weaving,1
9,Cori,World domination for dummies,2
10,Philip,Underwater basket weaving,2
11,Blake,How to train your dragon,1
12,Philip,World domination for dummies,1
13,Blake,How to train your dragon,3
14,Blake,World domination for dummies,3
15,Philip,How to train your dragon,3
16,Blake,How to train your dragon,3
17,Philip,Underwater basket weaving,2
18,Cori,How to train your dragon,3
19,Blake,World domination for dummies,3
20,Philip,World domination for dummies,1
